make,model,year,price,msrp,discount,condition,body_style,fuel_type,mileage,certified_preowned,description
Nissan,Altima,2025,21531,27704,22.3,Used,Sedan,Gasoline,77711,False,"A 2025 Nissan Altima (used), Sedan with 77711 miles, priced at $21531 (MSRP: $27704)."
Ford,Mustang,2025,44726,50992,12.3,Used,Coupe,Gasoline,46837,False,"A 2025 Ford Mustang (used), Coupe with 46837 miles, priced at $44726 (MSRP: $50992)."
Kia,Sorento,2020,32300,38077,15.2,Used,SUV,Gasoline,13401,False,"A 2020 Kia Sorento (used), SUV with 13401 miles, priced at $32300 (MSRP: $38077)."
Hyundai,Santa Fe,2021,48703,54163,10.1,Used,SUV,Gasoline,48709,False,"A 2021 Hyundai Santa Fe (used), SUV with 48709 miles, priced at $48703 (MSRP: $54163)."
Honda,Civic,2018,36923,40988,9.9,Certified,Sedan,Gasoline,7922,True,"A 2018 Honda Civic (certified), Sedan with 7922 miles, priced at $36923 (MSRP: $40988)."
Mazda,CX-5,2022,49050,55078,10.9,Used,SUV,Gasoline,13373,False,"A 2022 Mazda CX-5 (used), SUV with 13373 miles, priced at $49050 (MSRP: $55078)."
Audi,Q5,2022,30571,35061,12.8,Certified,SUV,Gasoline,14866,True,"A 2022 Audi Q5 (certified), SUV with 14866 miles, priced at $30571 (MSRP: $35061)."
Ford,Mustang,2025,32509,36135,10.0,Used,Coupe,Gasoline,60905,False,"A 2025 Ford Mustang (used), Coupe with 60905 miles, priced at $32509 (MSRP: $36135)."
Audi,Q5,2018,26339,33987,22.5,Certified,SUV,Gasoline,35788,True,"A 2018 Audi Q5 (certified), SUV with 35788 miles, priced at $26339 (MSRP: $33987)."
Ford,F-150,2025,34156,38649,11.6,Used,Truck,Gasoline,45242,False,"A 2025 Ford F-150 (used), Truck with 45242 miles, priced at $34156 (MSRP: $38649)."
Tesla,Model Y,2018,26443,30672,13.8,New,SUV,Electric,0,False,"A 2018 Tesla Model Y (new), SUV with 0 miles, priced at $26443 (MSRP: $30672)."
Honda,Civic,2019,27844,34267,18.7,Certified,Sedan,Gasoline,19635,True,"A 2019 Honda Civic (certified), Sedan with 19635 miles, priced at $27844 (MSRP: $34267)."
Kia,Sorento,2019,37988,40885,7.1,Used,SUV,Gasoline,23895,False,"A 2019 Kia Sorento (used), SUV with 23895 miles, priced at $37988 (MSRP: $40885)."
Toyota,Corolla,2018,43993,51392,14.4,Certified,Sedan,Hybrid,67954,True,"A 2018 Toyota Corolla (certified), Sedan with 67954 miles, priced at $43993 (MSRP: $51392)."
Honda,Civic,2020,21331,25919,17.7,Certified,Sedan,Gasoline,14424,True,"A 2020 Honda Civic (certified), Sedan with 14424 miles, priced at $21331 (MSRP: $25919)."
Chevrolet,Equinox,2019,46432,49045,5.3,Used,SUV,Gasoline,28395,False,"A 2019 Chevrolet Equinox (used), SUV with 28395 miles, priced at $46432 (MSRP: $49045)."
Audi,Q5,2022,24112,29190,17.4,Certified,SUV,Gasoline,49914,True,"A 2022 Audi Q5 (certified), SUV with 49914 miles, priced at $24112 (MSRP: $29190)."
BMW,X3,2025,33899,39665,14.5,Certified,SUV,Gasoline,27742,True,"A 2025 BMW X3 (certified), SUV with 27742 miles, priced at $33899 (MSRP: $39665)."
Mazda,CX-5,2020,39967,47370,15.6,Used,SUV,Gasoline,64906,False,"A 2020 Mazda CX-5 (used), SUV with 64906 miles, priced at $39967 (MSRP: $47370)."
Hyundai,Santa Fe,2024,23333,31332,25.5,Used,SUV,Gasoline,17596,False,"A 2024 Hyundai Santa Fe (used), SUV with 17596 miles, priced at $23333 (MSRP: $31332)."
Hyundai,Santa Fe,2018,26982,30757,12.3,Used,SUV,Gasoline,52089,False,"A 2018 Hyundai Santa Fe (used), SUV with 52089 miles, priced at $26982 (MSRP: $30757)."
BMW,X3,2019,20304,27634,26.5,Certified,SUV,Gasoline,64700,True,"A 2019 BMW X3 (certified), SUV with 64700 miles, priced at $20304 (MSRP: $27634)."
Toyota,RAV4,2019,28150,33523,16.0,Used,SUV,Gasoline,74921,False,"A 2019 Toyota RAV4 (used), SUV with 74921 miles, priced at $28150 (MSRP: $33523)."
BMW,X3,2019,28299,31647,10.6,Certified,SUV,Gasoline,28416,True,"A 2019 BMW X3 (certified), SUV with 28416 miles, priced at $28299 (MSRP: $31647)."
Kia,Sorento,2022,41714,44790,6.9,Used,SUV,Gasoline,78384,False,"A 2022 Kia Sorento (used), SUV with 78384 miles, priced at $41714 (MSRP: $44790)."
Mazda,CX-5,2025,40582,43083,5.8,Used,SUV,Gasoline,20595,False,"A 2025 Mazda CX-5 (used), SUV with 20595 miles, priced at $40582 (MSRP: $43083)."
Chevrolet,Equinox,2021,22829,29718,23.2,Used,SUV,Gasoline,19473,False,"A 2021 Chevrolet Equinox (used), SUV with 19473 miles, priced at $22829 (MSRP: $29718)."
Toyota,Corolla,2025,43879,51580,14.9,Certified,Sedan,Hybrid,15805,True,"A 2025 Toyota Corolla (certified), Sedan with 15805 miles, priced at $43879 (MSRP: $51580)."
Toyota,Corolla,2018,31881,34209,6.8,Certified,Sedan,Hybrid,62078,True,"A 2018 Toyota Corolla (certified), Sedan with 62078 miles, priced at $31881 (MSRP: $34209)."
Ford,Mustang,2020,41490,46768,11.3,Used,Coupe,Gasoline,5676,False,"A 2020 Ford Mustang (used), Coupe with 5676 miles, priced at $41490 (MSRP: $46768)."
Ford,F-150,2018,24150,27543,12.3,Used,Truck,Gasoline,56654,False,"A 2018 Ford F-150 (used), Truck with 56654 miles, priced at $24150 (MSRP: $27543)."
Chevrolet,Equinox,2023,30371,38021,20.1,Used,SUV,Gasoline,57952,False,"A 2023 Chevrolet Equinox (used), SUV with 57952 miles, priced at $30371 (MSRP: $38021)."
Ford,F-150,2022,28954,34346,15.7,Used,Truck,Gasoline,76463,False,"A 2022 Ford F-150 (used), Truck with 76463 miles, priced at $28954 (MSRP: $34346)."
Ford,F-150,2023,41265,46353,11.0,Used,Truck,Gasoline,63918,False,"A 2023 Ford F-150 (used), Truck with 63918 miles, priced at $41265 (MSRP: $46353)."
Ford,F-150,2021,22982,25385,9.5,Used,Truck,Gasoline,22463,False,"A 2021 Ford F-150 (used), Truck with 22463 miles, priced at $22982 (MSRP: $25385)."
Lexus,RX 350,2024,31997,39185,18.3,Used,SUV,Gasoline,41858,False,"A 2024 Lexus RX 350 (used), SUV with 41858 miles, priced at $31997 (MSRP: $39185)."
Lexus,RX 350,2021,39667,44862,11.6,Used,SUV,Gasoline,67279,False,"A 2021 Lexus RX 350 (used), SUV with 67279 miles, priced at $39667 (MSRP: $44862)."
Honda,Civic,2023,45394,51108,11.2,Certified,Sedan,Gasoline,45826,True,"A 2023 Honda Civic (certified), Sedan with 45826 miles, priced at $45394 (MSRP: $51108)."
Toyota,Corolla,2019,26673,30060,11.3,Certified,Sedan,Hybrid,77329,True,"A 2019 Toyota Corolla (certified), Sedan with 77329 miles, priced at $26673 (MSRP: $30060)."
Ford,Mustang,2021,39735,44590,10.9,Used,Coupe,Gasoline,73672,False,"A 2021 Ford Mustang (used), Coupe with 73672 miles, priced at $39735 (MSRP: $44590)."
Mazda,CX-5,2018,46989,49146,4.4,Used,SUV,Gasoline,50183,False,"A 2018 Mazda CX-5 (used), SUV with 50183 miles, priced at $46989 (MSRP: $49146)."
Lexus,RX 350,2021,20394,25453,19.9,Used,SUV,Gasoline,56840,False,"A 2021 Lexus RX 350 (used), SUV with 56840 miles, priced at $20394 (MSRP: $25453)."
BMW,X3,2024,20221,23429,13.7,Certified,SUV,Gasoline,39393,True,"A 2024 BMW X3 (certified), SUV with 39393 miles, priced at $20221 (MSRP: $23429)."
Toyota,Corolla,2023,24229,30149,19.6,Certified,Sedan,Hybrid,33034,True,"A 2023 Toyota Corolla (certified), Sedan with 33034 miles, priced at $24229 (MSRP: $30149)."
Chevrolet,Equinox,2022,27655,29981,7.8,Used,SUV,Gasoline,31107,False,"A 2022 Chevrolet Equinox (used), SUV with 31107 miles, priced at $27655 (MSRP: $29981)."
Lexus,RX 350,2018,42285,45829,7.7,Used,SUV,Gasoline,35814,False,"A 2018 Lexus RX 350 (used), SUV with 35814 miles, priced at $42285 (MSRP: $45829)."
Lexus,RX 350,2022,39996,43146,7.3,Used,SUV,Gasoline,27428,False,"A 2022 Lexus RX 350 (used), SUV with 27428 miles, priced at $39996 (MSRP: $43146)."
Toyota,Corolla,2020,31835,36295,12.3,Certified,Sedan,Hybrid,75191,True,"A 2020 Toyota Corolla (certified), Sedan with 75191 miles, priced at $31835 (MSRP: $36295)."
Toyota,RAV4,2025,20985,24855,15.6,Used,SUV,Gasoline,15234,False,"A 2025 Toyota RAV4 (used), SUV with 15234 miles, priced at $20985 (MSRP: $24855)."
Kia,Sorento,2025,22410,28201,20.5,Used,SUV,Gasoline,49396,False,"A 2025 Kia Sorento (used), SUV with 49396 miles, priced at $22410 (MSRP: $28201)."
Lexus,RX 350,2025,27243,31387,13.2,Used,SUV,Gasoline,15091,False,"A 2025 Lexus RX 350 (used), SUV with 15091 miles, priced at $27243 (MSRP: $31387)."
Ford,F-150,2018,22058,28822,23.5,Used,Truck,Gasoline,79436,False,"A 2018 Ford F-150 (used), Truck with 79436 miles, priced at $22058 (MSRP: $28822)."
Chevrolet,Equinox,2025,20424,28062,27.2,Used,SUV,Gasoline,53473,False,"A 2025 Chevrolet Equinox (used), SUV with 53473 miles, priced at $20424 (MSRP: $28062)."
Ford,Mustang,2019,25553,28110,9.1,Used,Coupe,Gasoline,54158,False,"A 2019 Ford Mustang (used), Coupe with 54158 miles, priced at $25553 (MSRP: $28110)."
Hyundai,Santa Fe,2024,37486,45132,16.9,Used,SUV,Gasoline,59454,False,"A 2024 Hyundai Santa Fe (used), SUV with 59454 miles, priced at $37486 (MSRP: $45132)."
Hyundai,Santa Fe,2019,24018,26837,10.5,Used,SUV,Gasoline,28561,False,"A 2019 Hyundai Santa Fe (used), SUV with 28561 miles, priced at $24018 (MSRP: $26837)."
Ford,Mustang,2019,37861,42962,11.9,Used,Coupe,Gasoline,40440,False,"A 2019 Ford Mustang (used), Coupe with 40440 miles, priced at $37861 (MSRP: $42962)."
Ford,F-150,2019,36806,40974,10.2,Used,Truck,Gasoline,53981,False,"A 2019 Ford F-150 (used), Truck with 53981 miles, priced at $36806 (MSRP: $40974)."
Chevrolet,Equinox,2022,29561,36440,18.9,Used,SUV,Gasoline,78678,False,"A 2022 Chevrolet Equinox (used), SUV with 78678 miles, priced at $29561 (MSRP: $36440)."
Toyota,Corolla,2021,37346,40662,8.2,Certified,Sedan,Hybrid,78030,True,"A 2021 Toyota Corolla (certified), Sedan with 78030 miles, priced at $37346 (MSRP: $40662)."
Ford,F-150,2025,21940,26740,18.0,Used,Truck,Gasoline,31624,False,"A 2025 Ford F-150 (used), Truck with 31624 miles, priced at $21940 (MSRP: $26740)."
Honda,Civic,2023,20342,23025,11.7,Certified,Sedan,Gasoline,20740,True,"A 2023 Honda Civic (certified), Sedan with 20740 miles, priced at $20342 (MSRP: $23025)."
Toyota,Corolla,2019,21890,28332,22.7,Certified,Sedan,Hybrid,8164,True,"A 2019 Toyota Corolla (certified), Sedan with 8164 miles, priced at $21890 (MSRP: $28332)."
Lexus,RX 350,2025,33442,41248,18.9,Used,SUV,Gasoline,75279,False,"A 2025 Lexus RX 350 (used), SUV with 75279 miles, priced at $33442 (MSRP: $41248)."
Toyota,Corolla,2023,34538,39638,12.9,Certified,Sedan,Hybrid,30351,True,"A 2023 Toyota Corolla (certified), Sedan with 30351 miles, priced at $34538 (MSRP: $39638)."
Toyota,RAV4,2020,30500,37619,18.9,Used,SUV,Gasoline,26369,False,"A 2020 Toyota RAV4 (used), SUV with 26369 miles, priced at $30500 (MSRP: $37619)."
Ford,F-150,2018,24893,31108,20.0,Used,Truck,Gasoline,40781,False,"A 2018 Ford F-150 (used), Truck with 40781 miles, priced at $24893 (MSRP: $31108)."
Nissan,Altima,2019,33228,39250,15.3,Used,Sedan,Gasoline,7631,False,"A 2019 Nissan Altima (used), Sedan with 7631 miles, priced at $33228 (MSRP: $39250)."
Tesla,Model Y,2022,44294,48627,8.9,New,SUV,Electric,0,False,"A 2022 Tesla Model Y (new), SUV with 0 miles, priced at $44294 (MSRP: $48627)."
Hyundai,Santa Fe,2024,40437,44030,8.2,Used,SUV,Gasoline,56144,False,"A 2024 Hyundai Santa Fe (used), SUV with 56144 miles, priced at $40437 (MSRP: $44030)."
Hyundai,Santa Fe,2023,42659,47436,10.1,Used,SUV,Gasoline,50224,False,"A 2023 Hyundai Santa Fe (used), SUV with 50224 miles, priced at $42659 (MSRP: $47436)."
Audi,Q5,2023,30612,37684,18.8,Certified,SUV,Gasoline,5665,True,"A 2023 Audi Q5 (certified), SUV with 5665 miles, priced at $30612 (MSRP: $37684)."
Lexus,RX 350,2024,27243,31153,12.6,Used,SUV,Gasoline,78709,False,"A 2024 Lexus RX 350 (used), SUV with 78709 miles, priced at $27243 (MSRP: $31153)."
Audi,Q5,2023,49393,54918,10.1,Certified,SUV,Gasoline,51703,True,"A 2023 Audi Q5 (certified), SUV with 51703 miles, priced at $49393 (MSRP: $54918)."
Toyota,Corolla,2019,45350,48112,5.7,Certified,Sedan,Hybrid,17724,True,"A 2019 Toyota Corolla (certified), Sedan with 17724 miles, priced at $45350 (MSRP: $48112)."
Audi,Q5,2024,24319,31935,23.8,Certified,SUV,Gasoline,5643,True,"A 2024 Audi Q5 (certified), SUV with 5643 miles, priced at $24319 (MSRP: $31935)."
Ford,Mustang,2024,20421,26448,22.8,Used,Coupe,Gasoline,54944,False,"A 2024 Ford Mustang (used), Coupe with 54944 miles, priced at $20421 (MSRP: $26448)."
Lexus,RX 350,2024,46157,51050,9.6,Used,SUV,Gasoline,40954,False,"A 2024 Lexus RX 350 (used), SUV with 40954 miles, priced at $46157 (MSRP: $51050)."
BMW,X3,2025,30164,34821,13.4,Certified,SUV,Gasoline,34083,True,"A 2025 BMW X3 (certified), SUV with 34083 miles, priced at $30164 (MSRP: $34821)."
Chevrolet,Equinox,2020,28766,36242,20.6,Used,SUV,Gasoline,70908,False,"A 2020 Chevrolet Equinox (used), SUV with 70908 miles, priced at $28766 (MSRP: $36242)."
Hyundai,Santa Fe,2024,32737,37113,11.8,Used,SUV,Gasoline,43814,False,"A 2024 Hyundai Santa Fe (used), SUV with 43814 miles, priced at $32737 (MSRP: $37113)."
Audi,Q5,2025,31751,37869,16.2,Certified,SUV,Gasoline,14040,True,"A 2025 Audi Q5 (certified), SUV with 14040 miles, priced at $31751 (MSRP: $37869)."
Kia,Sorento,2021,25054,29218,14.3,Used,SUV,Gasoline,32379,False,"A 2021 Kia Sorento (used), SUV with 32379 miles, priced at $25054 (MSRP: $29218)."
Tesla,Model Y,2022,44684,48776,8.4,New,SUV,Electric,0,False,"A 2022 Tesla Model Y (new), SUV with 0 miles, priced at $44684 (MSRP: $48776)."
Honda,Civic,2025,28280,30649,7.7,Certified,Sedan,Gasoline,25241,True,"A 2025 Honda Civic (certified), Sedan with 25241 miles, priced at $28280 (MSRP: $30649)."
Hyundai,Santa Fe,2018,33057,36845,10.3,Used,SUV,Gasoline,37623,False,"A 2018 Hyundai Santa Fe (used), SUV with 37623 miles, priced at $33057 (MSRP: $36845)."
Tesla,Model Y,2024,22276,27137,17.9,New,SUV,Electric,0,False,"A 2024 Tesla Model Y (new), SUV with 0 miles, priced at $22276 (MSRP: $27137)."
Toyota,RAV4,2022,43473,50037,13.1,Used,SUV,Gasoline,15315,False,"A 2022 Toyota RAV4 (used), SUV with 15315 miles, priced at $43473 (MSRP: $50037)."
BMW,X3,2024,40031,42617,6.1,Certified,SUV,Gasoline,58460,True,"A 2024 BMW X3 (certified), SUV with 58460 miles, priced at $40031 (MSRP: $42617)."
Tesla,Model Y,2021,38403,38833,1.1,New,SUV,Electric,0,False,"A 2021 Tesla Model Y (new), SUV with 0 miles, priced at $38403 (MSRP: $38833)."
Lexus,RX 350,2023,37781,40070,5.7,Used,SUV,Gasoline,20084,False,"A 2023 Lexus RX 350 (used), SUV with 20084 miles, priced at $37781 (MSRP: $40070)."
Nissan,Altima,2019,28092,33950,17.3,Used,Sedan,Gasoline,35219,False,"A 2019 Nissan Altima (used), Sedan with 35219 miles, priced at $28092 (MSRP: $33950)."
Hyundai,Santa Fe,2019,47055,53798,12.5,Used,SUV,Gasoline,19457,False,"A 2019 Hyundai Santa Fe (used), SUV with 19457 miles, priced at $47055 (MSRP: $53798)."
Ford,F-150,2021,22860,29553,22.6,Used,Truck,Gasoline,58203,False,"A 2021 Ford F-150 (used), Truck with 58203 miles, priced at $22860 (MSRP: $29553)."
Audi,Q5,2019,39906,44027,9.4,Certified,SUV,Gasoline,39119,True,"A 2019 Audi Q5 (certified), SUV with 39119 miles, priced at $39906 (MSRP: $44027)."
Honda,Civic,2024,33781,36499,7.4,Certified,Sedan,Gasoline,44296,True,"A 2024 Honda Civic (certified), Sedan with 44296 miles, priced at $33781 (MSRP: $36499)."
Toyota,Corolla,2021,28677,33774,15.1,Certified,Sedan,Hybrid,48904,True,"A 2021 Toyota Corolla (certified), Sedan with 48904 miles, priced at $28677 (MSRP: $33774)."
BMW,X3,2022,40290,44083,8.6,Certified,SUV,Gasoline,47558,True,"A 2022 BMW X3 (certified), SUV with 47558 miles, priced at $40290 (MSRP: $44083)."
Mazda,CX-5,2019,35877,42345,15.3,Used,SUV,Gasoline,27824,False,"A 2019 Mazda CX-5 (used), SUV with 27824 miles, priced at $35877 (MSRP: $42345)."
Mazda,CX-5,2020,47027,51041,7.9,Used,SUV,Gasoline,14351,False,"A 2020 Mazda CX-5 (used), SUV with 14351 miles, priced at $47027 (MSRP: $51041)."
Ford,Mustang,2023,47730,51678,7.6,Used,Coupe,Gasoline,32040,False,"A 2023 Ford Mustang (used), Coupe with 32040 miles, priced at $47730 (MSRP: $51678)."
Chevrolet,Equinox,2023,46272,53080,12.8,Used,SUV,Gasoline,41842,False,"A 2023 Chevrolet Equinox (used), SUV with 41842 miles, priced at $46272 (MSRP: $53080)."
Honda,Civic,2021,37456,45264,17.2,Certified,Sedan,Gasoline,64176,True,"A 2021 Honda Civic (certified), Sedan with 64176 miles, priced at $37456 (MSRP: $45264)."
Nissan,Altima,2020,20973,25051,16.3,Used,Sedan,Gasoline,17295,False,"A 2020 Nissan Altima (used), Sedan with 17295 miles, priced at $20973 (MSRP: $25051)."
Hyundai,Santa Fe,2023,40501,45105,10.2,Used,SUV,Gasoline,16774,False,"A 2023 Hyundai Santa Fe (used), SUV with 16774 miles, priced at $40501 (MSRP: $45105)."
Tesla,Model Y,2023,45956,48032,4.3,New,SUV,Electric,0,False,"A 2023 Tesla Model Y (new), SUV with 0 miles, priced at $45956 (MSRP: $48032)."
Hyundai,Santa Fe,2019,20776,26760,22.4,Used,SUV,Gasoline,72013,False,"A 2019 Hyundai Santa Fe (used), SUV with 72013 miles, priced at $20776 (MSRP: $26760)."
Kia,Sorento,2021,35832,38570,7.1,Used,SUV,Gasoline,63773,False,"A 2021 Kia Sorento (used), SUV with 63773 miles, priced at $35832 (MSRP: $38570)."
Audi,Q5,2024,45292,47480,4.6,Certified,SUV,Gasoline,71994,True,"A 2024 Audi Q5 (certified), SUV with 71994 miles, priced at $45292 (MSRP: $47480)."
Tesla,Model Y,2019,36087,40315,10.5,New,SUV,Electric,0,False,"A 2019 Tesla Model Y (new), SUV with 0 miles, priced at $36087 (MSRP: $40315)."
Toyota,RAV4,2021,22022,28101,21.6,Used,SUV,Gasoline,79059,False,"A 2021 Toyota RAV4 (used), SUV with 79059 miles, priced at $22022 (MSRP: $28101)."
Nissan,Altima,2019,25958,28492,8.9,Used,Sedan,Gasoline,62632,False,"A 2019 Nissan Altima (used), Sedan with 62632 miles, priced at $25958 (MSRP: $28492)."
BMW,X3,2022,34012,40866,16.8,Certified,SUV,Gasoline,19276,True,"A 2022 BMW X3 (certified), SUV with 19276 miles, priced at $34012 (MSRP: $40866)."
Mazda,CX-5,2021,24320,27670,12.1,Used,SUV,Gasoline,17877,False,"A 2021 Mazda CX-5 (used), SUV with 17877 miles, priced at $24320 (MSRP: $27670)."
Hyundai,Santa Fe,2023,26060,29889,12.8,Used,SUV,Gasoline,29952,False,"A 2023 Hyundai Santa Fe (used), SUV with 29952 miles, priced at $26060 (MSRP: $29889)."
Chevrolet,Equinox,2020,30727,37949,19.0,Used,SUV,Gasoline,6407,False,"A 2020 Chevrolet Equinox (used), SUV with 6407 miles, priced at $30727 (MSRP: $37949)."
Ford,F-150,2022,49089,54734,10.3,Used,Truck,Gasoline,74094,False,"A 2022 Ford F-150 (used), Truck with 74094 miles, priced at $49089 (MSRP: $54734)."
Honda,Civic,2024,47146,49591,4.9,Certified,Sedan,Gasoline,35313,True,"A 2024 Honda Civic (certified), Sedan with 35313 miles, priced at $47146 (MSRP: $49591)."
Ford,Mustang,2020,24606,30706,19.9,Used,Coupe,Gasoline,16521,False,"A 2020 Ford Mustang (used), Coupe with 16521 miles, priced at $24606 (MSRP: $30706)."
BMW,X3,2025,22427,25572,12.3,Certified,SUV,Gasoline,29148,True,"A 2025 BMW X3 (certified), SUV with 29148 miles, priced at $22427 (MSRP: $25572)."
Hyundai,Santa Fe,2024,42364,46036,8.0,Used,SUV,Gasoline,31048,False,"A 2024 Hyundai Santa Fe (used), SUV with 31048 miles, priced at $42364 (MSRP: $46036)."
Mazda,CX-5,2020,42669,48268,11.6,Used,SUV,Gasoline,51830,False,"A 2020 Mazda CX-5 (used), SUV with 51830 miles, priced at $42669 (MSRP: $48268)."
Honda,Civic,2024,31242,38577,19.0,Certified,Sedan,Gasoline,9737,True,"A 2024 Honda Civic (certified), Sedan with 9737 miles, priced at $31242 (MSRP: $38577)."
Audi,Q5,2020,21731,26311,17.4,Certified,SUV,Gasoline,19594,True,"A 2020 Audi Q5 (certified), SUV with 19594 miles, priced at $21731 (MSRP: $26311)."
Hyundai,Santa Fe,2023,31756,36902,13.9,Used,SUV,Gasoline,56722,False,"A 2023 Hyundai Santa Fe (used), SUV with 56722 miles, priced at $31756 (MSRP: $36902)."
Hyundai,Santa Fe,2025,21452,24952,14.0,Used,SUV,Gasoline,52850,False,"A 2025 Hyundai Santa Fe (used), SUV with 52850 miles, priced at $21452 (MSRP: $24952)."
Tesla,Model Y,2019,42477,44237,4.0,New,SUV,Electric,0,False,"A 2019 Tesla Model Y (new), SUV with 0 miles, priced at $42477 (MSRP: $44237)."
Kia,Sorento,2023,30886,33468,7.7,Used,SUV,Gasoline,30436,False,"A 2023 Kia Sorento (used), SUV with 30436 miles, priced at $30886 (MSRP: $33468)."
Mazda,CX-5,2018,40000,45603,12.3,Used,SUV,Gasoline,27621,False,"A 2018 Mazda CX-5 (used), SUV with 27621 miles, priced at $40000 (MSRP: $45603)."
Honda,Civic,2022,33350,37952,12.1,Certified,Sedan,Gasoline,10448,True,"A 2022 Honda Civic (certified), Sedan with 10448 miles, priced at $33350 (MSRP: $37952)."
Tesla,Model Y,2023,43931,45841,4.2,New,SUV,Electric,0,False,"A 2023 Tesla Model Y (new), SUV with 0 miles, priced at $43931 (MSRP: $45841)."
Toyota,RAV4,2019,46516,48927,4.9,Used,SUV,Gasoline,66536,False,"A 2019 Toyota RAV4 (used), SUV with 66536 miles, priced at $46516 (MSRP: $48927)."
Honda,Civic,2024,35661,38664,7.8,Certified,Sedan,Gasoline,27467,True,"A 2024 Honda Civic (certified), Sedan with 27467 miles, priced at $35661 (MSRP: $38664)."
Ford,F-150,2022,43091,48186,10.6,Used,Truck,Gasoline,61232,False,"A 2022 Ford F-150 (used), Truck with 61232 miles, priced at $43091 (MSRP: $48186)."
Hyundai,Santa Fe,2019,40716,43555,6.5,Used,SUV,Gasoline,28763,False,"A 2019 Hyundai Santa Fe (used), SUV with 28763 miles, priced at $40716 (MSRP: $43555)."
Ford,F-150,2018,34259,40661,15.7,Used,Truck,Gasoline,12422,False,"A 2018 Ford F-150 (used), Truck with 12422 miles, priced at $34259 (MSRP: $40661)."
Honda,Civic,2023,32426,39037,16.9,Certified,Sedan,Gasoline,48432,True,"A 2023 Honda Civic (certified), Sedan with 48432 miles, priced at $32426 (MSRP: $39037)."
Ford,Mustang,2019,44672,51606,13.4,Used,Coupe,Gasoline,27686,False,"A 2019 Ford Mustang (used), Coupe with 27686 miles, priced at $44672 (MSRP: $51606)."
Kia,Sorento,2025,48984,56949,14.0,Used,SUV,Gasoline,65139,False,"A 2025 Kia Sorento (used), SUV with 65139 miles, priced at $48984 (MSRP: $56949)."
Toyota,Corolla,2018,39554,46335,14.6,Certified,Sedan,Hybrid,39804,True,"A 2018 Toyota Corolla (certified), Sedan with 39804 miles, priced at $39554 (MSRP: $46335)."
BMW,X3,2018,24831,31707,21.7,Certified,SUV,Gasoline,42177,True,"A 2018 BMW X3 (certified), SUV with 42177 miles, priced at $24831 (MSRP: $31707)."
Honda,Civic,2023,44326,50201,11.7,Certified,Sedan,Gasoline,42588,True,"A 2023 Honda Civic (certified), Sedan with 42588 miles, priced at $44326 (MSRP: $50201)."
Toyota,RAV4,2023,29866,36486,18.1,Used,SUV,Gasoline,72830,False,"A 2023 Toyota RAV4 (used), SUV with 72830 miles, priced at $29866 (MSRP: $36486)."
Nissan,Altima,2022,23647,27360,13.6,Used,Sedan,Gasoline,14901,False,"A 2022 Nissan Altima (used), Sedan with 14901 miles, priced at $23647 (MSRP: $27360)."
Ford,Mustang,2023,46352,49831,7.0,Used,Coupe,Gasoline,28330,False,"A 2023 Ford Mustang (used), Coupe with 28330 miles, priced at $46352 (MSRP: $49831)."
Mazda,CX-5,2024,37532,40557,7.5,Used,SUV,Gasoline,77707,False,"A 2024 Mazda CX-5 (used), SUV with 77707 miles, priced at $37532 (MSRP: $40557)."
Tesla,Model Y,2024,29796,31986,6.8,New,SUV,Electric,0,False,"A 2024 Tesla Model Y (new), SUV with 0 miles, priced at $29796 (MSRP: $31986)."
Audi,Q5,2023,45205,47861,5.5,Certified,SUV,Gasoline,29218,True,"A 2023 Audi Q5 (certified), SUV with 29218 miles, priced at $45205 (MSRP: $47861)."
Lexus,RX 350,2023,25001,29466,15.2,Used,SUV,Gasoline,11162,False,"A 2023 Lexus RX 350 (used), SUV with 11162 miles, priced at $25001 (MSRP: $29466)."
Mazda,CX-5,2022,40832,46747,12.7,Used,SUV,Gasoline,13131,False,"A 2022 Mazda CX-5 (used), SUV with 13131 miles, priced at $40832 (MSRP: $46747)."
Honda,Civic,2025,49450,53409,7.4,Certified,Sedan,Gasoline,49730,True,"A 2025 Honda Civic (certified), Sedan with 49730 miles, priced at $49450 (MSRP: $53409)."
Ford,Mustang,2018,32582,35396,8.0,Used,Coupe,Gasoline,62613,False,"A 2018 Ford Mustang (used), Coupe with 62613 miles, priced at $32582 (MSRP: $35396)."
Hyundai,Santa Fe,2019,35276,42190,16.4,Used,SUV,Gasoline,74414,False,"A 2019 Hyundai Santa Fe (used), SUV with 74414 miles, priced at $35276 (MSRP: $42190)."
Chevrolet,Equinox,2018,23679,27089,12.6,Used,SUV,Gasoline,27914,False,"A 2018 Chevrolet Equinox (used), SUV with 27914 miles, priced at $23679 (MSRP: $27089)."
Kia,Sorento,2018,42847,49636,13.7,Used,SUV,Gasoline,58745,False,"A 2018 Kia Sorento (used), SUV with 58745 miles, priced at $42847 (MSRP: $49636)."
Toyota,Corolla,2025,30425,32862,7.4,Certified,Sedan,Hybrid,18909,True,"A 2025 Toyota Corolla (certified), Sedan with 18909 miles, priced at $30425 (MSRP: $32862)."
Ford,F-150,2022,35708,43375,17.7,Used,Truck,Gasoline,51879,False,"A 2022 Ford F-150 (used), Truck with 51879 miles, priced at $35708 (MSRP: $43375)."
Nissan,Altima,2018,29274,36390,19.6,Used,Sedan,Gasoline,28703,False,"A 2018 Nissan Altima (used), Sedan with 28703 miles, priced at $29274 (MSRP: $36390)."
Nissan,Altima,2019,33501,39105,14.3,Used,Sedan,Gasoline,48512,False,"A 2019 Nissan Altima (used), Sedan with 48512 miles, priced at $33501 (MSRP: $39105)."
Honda,Civic,2018,48282,50414,4.2,Certified,Sedan,Gasoline,15500,True,"A 2018 Honda Civic (certified), Sedan with 15500 miles, priced at $48282 (MSRP: $50414)."
Honda,Civic,2020,41587,44360,6.3,Certified,Sedan,Gasoline,20635,True,"A 2020 Honda Civic (certified), Sedan with 20635 miles, priced at $41587 (MSRP: $44360)."
Honda,Civic,2021,41918,49458,15.2,Certified,Sedan,Gasoline,70018,True,"A 2021 Honda Civic (certified), Sedan with 70018 miles, priced at $41918 (MSRP: $49458)."
Kia,Sorento,2021,48612,55490,12.4,Used,SUV,Gasoline,37504,False,"A 2021 Kia Sorento (used), SUV with 37504 miles, priced at $48612 (MSRP: $55490)."
Ford,F-150,2018,40063,43482,7.9,Used,Truck,Gasoline,61738,False,"A 2018 Ford F-150 (used), Truck with 61738 miles, priced at $40063 (MSRP: $43482)."
Ford,F-150,2022,32745,35076,6.6,Used,Truck,Gasoline,37283,False,"A 2022 Ford F-150 (used), Truck with 37283 miles, priced at $32745 (MSRP: $35076)."
Kia,Sorento,2018,44865,52414,14.4,Used,SUV,Gasoline,42707,False,"A 2018 Kia Sorento (used), SUV with 42707 miles, priced at $44865 (MSRP: $52414)."
Lexus,RX 350,2024,38508,41367,6.9,Used,SUV,Gasoline,57490,False,"A 2024 Lexus RX 350 (used), SUV with 57490 miles, priced at $38508 (MSRP: $41367)."
Kia,Sorento,2024,29662,37134,20.1,Used,SUV,Gasoline,60242,False,"A 2024 Kia Sorento (used), SUV with 60242 miles, priced at $29662 (MSRP: $37134)."
Lexus,RX 350,2024,42616,46848,9.0,Used,SUV,Gasoline,5951,False,"A 2024 Lexus RX 350 (used), SUV with 5951 miles, priced at $42616 (MSRP: $46848)."
Ford,F-150,2021,46673,52495,11.1,Used,Truck,Gasoline,66583,False,"A 2021 Ford F-150 (used), Truck with 66583 miles, priced at $46673 (MSRP: $52495)."
Tesla,Model Y,2023,34273,35306,2.9,New,SUV,Electric,0,False,"A 2023 Tesla Model Y (new), SUV with 0 miles, priced at $34273 (MSRP: $35306)."
Tesla,Model Y,2018,33268,36122,7.9,New,SUV,Electric,0,False,"A 2018 Tesla Model Y (new), SUV with 0 miles, priced at $33268 (MSRP: $36122)."
Lexus,RX 350,2025,40195,47297,15.0,Used,SUV,Gasoline,39780,False,"A 2025 Lexus RX 350 (used), SUV with 39780 miles, priced at $40195 (MSRP: $47297)."
BMW,X3,2020,28133,33531,16.1,Certified,SUV,Gasoline,58618,True,"A 2020 BMW X3 (certified), SUV with 58618 miles, priced at $28133 (MSRP: $33531)."
Lexus,RX 350,2022,40453,47601,15.0,Used,SUV,Gasoline,37683,False,"A 2022 Lexus RX 350 (used), SUV with 37683 miles, priced at $40453 (MSRP: $47601)."
Mazda,CX-5,2023,40932,48304,15.3,Used,SUV,Gasoline,8718,False,"A 2023 Mazda CX-5 (used), SUV with 8718 miles, priced at $40932 (MSRP: $48304)."
Toyota,RAV4,2022,48338,54067,10.6,Used,SUV,Gasoline,61279,False,"A 2022 Toyota RAV4 (used), SUV with 61279 miles, priced at $48338 (MSRP: $54067)."
Toyota,RAV4,2019,23969,31186,23.1,Used,SUV,Gasoline,78330,False,"A 2019 Toyota RAV4 (used), SUV with 78330 miles, priced at $23969 (MSRP: $31186)."
Chevrolet,Equinox,2021,29067,31499,7.7,Used,SUV,Gasoline,32309,False,"A 2021 Chevrolet Equinox (used), SUV with 32309 miles, priced at $29067 (MSRP: $31499)."
Kia,Sorento,2022,20045,25827,22.4,Used,SUV,Gasoline,23404,False,"A 2022 Kia Sorento (used), SUV with 23404 miles, priced at $20045 (MSRP: $25827)."
Mazda,CX-5,2018,47031,52437,10.3,Used,SUV,Gasoline,14311,False,"A 2018 Mazda CX-5 (used), SUV with 14311 miles, priced at $47031 (MSRP: $52437)."
Chevrolet,Equinox,2025,43174,45201,4.5,Used,SUV,Gasoline,26751,False,"A 2025 Chevrolet Equinox (used), SUV with 26751 miles, priced at $43174 (MSRP: $45201)."
Chevrolet,Equinox,2019,41181,43954,6.3,Used,SUV,Gasoline,69829,False,"A 2019 Chevrolet Equinox (used), SUV with 69829 miles, priced at $41181 (MSRP: $43954)."
Ford,Mustang,2019,34278,42040,18.5,Used,Coupe,Gasoline,27252,False,"A 2019 Ford Mustang (used), Coupe with 27252 miles, priced at $34278 (MSRP: $42040)."
Ford,F-150,2025,31762,36734,13.5,Used,Truck,Gasoline,45297,False,"A 2025 Ford F-150 (used), Truck with 45297 miles, priced at $31762 (MSRP: $36734)."
Toyota,Corolla,2025,29363,36202,18.9,Certified,Sedan,Hybrid,36702,True,"A 2025 Toyota Corolla (certified), Sedan with 36702 miles, priced at $29363 (MSRP: $36202)."
Nissan,Altima,2023,38017,41237,7.8,Used,Sedan,Gasoline,63816,False,"A 2023 Nissan Altima (used), Sedan with 63816 miles, priced at $38017 (MSRP: $41237)."
Ford,Mustang,2023,33662,36478,7.7,Used,Coupe,Gasoline,79659,False,"A 2023 Ford Mustang (used), Coupe with 79659 miles, priced at $33662 (MSRP: $36478)."
Mazda,CX-5,2022,46349,52106,11.0,Used,SUV,Gasoline,75140,False,"A 2022 Mazda CX-5 (used), SUV with 75140 miles, priced at $46349 (MSRP: $52106)."
Tesla,Model Y,2024,34777,38091,8.7,New,SUV,Electric,0,False,"A 2024 Tesla Model Y (new), SUV with 0 miles, priced at $34777 (MSRP: $38091)."
Hyundai,Santa Fe,2022,40812,47673,14.4,Used,SUV,Gasoline,5157,False,"A 2022 Hyundai Santa Fe (used), SUV with 5157 miles, priced at $40812 (MSRP: $47673)."
Chevrolet,Equinox,2025,26162,32234,18.8,Used,SUV,Gasoline,23498,False,"A 2025 Chevrolet Equinox (used), SUV with 23498 miles, priced at $26162 (MSRP: $32234)."
Mazda,CX-5,2021,39547,47388,16.5,Used,SUV,Gasoline,72798,False,"A 2021 Mazda CX-5 (used), SUV with 72798 miles, priced at $39547 (MSRP: $47388)."
Honda,Civic,2023,21839,27498,20.6,Certified,Sedan,Gasoline,38980,True,"A 2023 Honda Civic (certified), Sedan with 38980 miles, priced at $21839 (MSRP: $27498)."
Nissan,Altima,2020,30501,37711,19.1,Used,Sedan,Gasoline,30527,False,"A 2020 Nissan Altima (used), Sedan with 30527 miles, priced at $30501 (MSRP: $37711)."
Nissan,Altima,2025,46372,49169,5.7,Used,Sedan,Gasoline,55077,False,"A 2025 Nissan Altima (used), Sedan with 55077 miles, priced at $46372 (MSRP: $49169)."
Ford,F-150,2021,32130,37930,15.3,Used,Truck,Gasoline,23838,False,"A 2021 Ford F-150 (used), Truck with 23838 miles, priced at $32130 (MSRP: $37930)."
Hyundai,Santa Fe,2018,47621,54469,12.6,Used,SUV,Gasoline,61003,False,"A 2018 Hyundai Santa Fe (used), SUV with 61003 miles, priced at $47621 (MSRP: $54469)."
Nissan,Altima,2020,34747,41144,15.5,Used,Sedan,Gasoline,14401,False,"A 2020 Nissan Altima (used), Sedan with 14401 miles, priced at $34747 (MSRP: $41144)."
Toyota,Corolla,2024,36869,40480,8.9,Certified,Sedan,Hybrid,60263,True,"A 2024 Toyota Corolla (certified), Sedan with 60263 miles, priced at $36869 (MSRP: $40480)."
Tesla,Model Y,2023,46612,51455,9.4,New,SUV,Electric,0,False,"A 2023 Tesla Model Y (new), SUV with 0 miles, priced at $46612 (MSRP: $51455)."
BMW,X3,2018,49460,54076,8.5,Certified,SUV,Gasoline,29096,True,"A 2018 BMW X3 (certified), SUV with 29096 miles, priced at $49460 (MSRP: $54076)."
Audi,Q5,2024,28118,34927,19.5,Certified,SUV,Gasoline,14290,True,"A 2024 Audi Q5 (certified), SUV with 14290 miles, priced at $28118 (MSRP: $34927)."
BMW,X3,2019,28859,32322,10.7,Certified,SUV,Gasoline,34783,True,"A 2019 BMW X3 (certified), SUV with 34783 miles, priced at $28859 (MSRP: $32322)."
Lexus,RX 350,2024,49994,54425,8.1,Used,SUV,Gasoline,55878,False,"A 2024 Lexus RX 350 (used), SUV with 55878 miles, priced at $49994 (MSRP: $54425)."
BMW,X3,2020,35717,40175,11.1,Certified,SUV,Gasoline,54372,True,"A 2020 BMW X3 (certified), SUV with 54372 miles, priced at $35717 (MSRP: $40175)."
BMW,X3,2020,24699,29831,17.2,Certified,SUV,Gasoline,78097,True,"A 2020 BMW X3 (certified), SUV with 78097 miles, priced at $24699 (MSRP: $29831)."
Ford,F-150,2021,39315,42221,6.9,Used,Truck,Gasoline,28662,False,"A 2021 Ford F-150 (used), Truck with 28662 miles, priced at $39315 (MSRP: $42221)."
Ford,Mustang,2019,28960,32341,10.5,Used,Coupe,Gasoline,7285,False,"A 2019 Ford Mustang (used), Coupe with 7285 miles, priced at $28960 (MSRP: $32341)."
Hyundai,Santa Fe,2023,24597,31197,21.2,Used,SUV,Gasoline,19461,False,"A 2023 Hyundai Santa Fe (used), SUV with 19461 miles, priced at $24597 (MSRP: $31197)."
Chevrolet,Equinox,2019,28441,34070,16.5,Used,SUV,Gasoline,27465,False,"A 2019 Chevrolet Equinox (used), SUV with 27465 miles, priced at $28441 (MSRP: $34070)."
Mazda,CX-5,2023,48353,51641,6.4,Used,SUV,Gasoline,56415,False,"A 2023 Mazda CX-5 (used), SUV with 56415 miles, priced at $48353 (MSRP: $51641)."
Toyota,Corolla,2023,23375,28075,16.7,Certified,Sedan,Hybrid,53346,True,"A 2023 Toyota Corolla (certified), Sedan with 53346 miles, priced at $23375 (MSRP: $28075)."
Lexus,RX 350,2025,26021,30947,15.9,Used,SUV,Gasoline,6266,False,"A 2025 Lexus RX 350 (used), SUV with 6266 miles, priced at $26021 (MSRP: $30947)."
Hyundai,Santa Fe,2019,31880,39048,18.4,Used,SUV,Gasoline,76164,False,"A 2019 Hyundai Santa Fe (used), SUV with 76164 miles, priced at $31880 (MSRP: $39048)."
Kia,Sorento,2019,27073,29848,9.3,Used,SUV,Gasoline,59314,False,"A 2019 Kia Sorento (used), SUV with 59314 miles, priced at $27073 (MSRP: $29848)."
Toyota,RAV4,2025,43742,47280,7.5,Used,SUV,Gasoline,75264,False,"A 2025 Toyota RAV4 (used), SUV with 75264 miles, priced at $43742 (MSRP: $47280)."
Audi,Q5,2018,29869,32128,7.0,Certified,SUV,Gasoline,73949,True,"A 2018 Audi Q5 (certified), SUV with 73949 miles, priced at $29869 (MSRP: $32128)."
BMW,X3,2024,21932,28237,22.3,Certified,SUV,Gasoline,23049,True,"A 2024 BMW X3 (certified), SUV with 23049 miles, priced at $21932 (MSRP: $28237)."
Kia,Sorento,2025,22836,28160,18.9,Used,SUV,Gasoline,52123,False,"A 2025 Kia Sorento (used), SUV with 52123 miles, priced at $22836 (MSRP: $28160)."
BMW,X3,2021,44791,49089,8.8,Certified,SUV,Gasoline,10678,True,"A 2021 BMW X3 (certified), SUV with 10678 miles, priced at $44791 (MSRP: $49089)."
BMW,X3,2019,36909,42936,14.0,Certified,SUV,Gasoline,69022,True,"A 2019 BMW X3 (certified), SUV with 69022 miles, priced at $36909 (MSRP: $42936)."
Tesla,Model Y,2024,28293,31592,10.4,New,SUV,Electric,0,False,"A 2024 Tesla Model Y (new), SUV with 0 miles, priced at $28293 (MSRP: $31592)."
Honda,Civic,2023,43452,47554,8.6,Certified,Sedan,Gasoline,75898,True,"A 2023 Honda Civic (certified), Sedan with 75898 miles, priced at $43452 (MSRP: $47554)."
BMW,X3,2025,21365,24085,11.3,Certified,SUV,Gasoline,73507,True,"A 2025 BMW X3 (certified), SUV with 73507 miles, priced at $21365 (MSRP: $24085)."
BMW,X3,2021,21954,25936,15.4,Certified,SUV,Gasoline,5473,True,"A 2021 BMW X3 (certified), SUV with 5473 miles, priced at $21954 (MSRP: $25936)."
Tesla,Model Y,2021,22127,22149,0.1,New,SUV,Electric,0,False,"A 2021 Tesla Model Y (new), SUV with 0 miles, priced at $22127 (MSRP: $22149)."
Nissan,Altima,2022,46588,51881,10.2,Used,Sedan,Gasoline,59080,False,"A 2022 Nissan Altima (used), Sedan with 59080 miles, priced at $46588 (MSRP: $51881)."
Kia,Sorento,2023,38039,44224,14.0,Used,SUV,Gasoline,66085,False,"A 2023 Kia Sorento (used), SUV with 66085 miles, priced at $38039 (MSRP: $44224)."
Nissan,Altima,2021,32613,36956,11.8,Used,Sedan,Gasoline,49177,False,"A 2021 Nissan Altima (used), Sedan with 49177 miles, priced at $32613 (MSRP: $36956)."
Chevrolet,Equinox,2020,38299,42410,9.7,Used,SUV,Gasoline,51220,False,"A 2020 Chevrolet Equinox (used), SUV with 51220 miles, priced at $38299 (MSRP: $42410)."
Ford,Mustang,2018,40348,45198,10.7,Used,Coupe,Gasoline,17132,False,"A 2018 Ford Mustang (used), Coupe with 17132 miles, priced at $40348 (MSRP: $45198)."
Mazda,CX-5,2019,21920,24349,10.0,Used,SUV,Gasoline,68274,False,"A 2019 Mazda CX-5 (used), SUV with 68274 miles, priced at $21920 (MSRP: $24349)."
BMW,X3,2020,28823,32473,11.2,Certified,SUV,Gasoline,50454,True,"A 2020 BMW X3 (certified), SUV with 50454 miles, priced at $28823 (MSRP: $32473)."
Lexus,RX 350,2021,26599,33206,19.9,Used,SUV,Gasoline,39521,False,"A 2021 Lexus RX 350 (used), SUV with 39521 miles, priced at $26599 (MSRP: $33206)."
Tesla,Model Y,2018,41958,46876,10.5,New,SUV,Electric,0,False,"A 2018 Tesla Model Y (new), SUV with 0 miles, priced at $41958 (MSRP: $46876)."
Tesla,Model Y,2019,46114,48126,4.2,New,SUV,Electric,0,False,"A 2019 Tesla Model Y (new), SUV with 0 miles, priced at $46114 (MSRP: $48126)."
BMW,X3,2022,48589,53694,9.5,Certified,SUV,Gasoline,8992,True,"A 2022 BMW X3 (certified), SUV with 8992 miles, priced at $48589 (MSRP: $53694)."
Honda,Civic,2025,43812,51436,14.8,Certified,Sedan,Gasoline,70994,True,"A 2025 Honda Civic (certified), Sedan with 70994 miles, priced at $43812 (MSRP: $51436)."
Audi,Q5,2018,32945,39998,17.6,Certified,SUV,Gasoline,22110,True,"A 2018 Audi Q5 (certified), SUV with 22110 miles, priced at $32945 (MSRP: $39998)."
Lexus,RX 350,2024,27885,35847,22.2,Used,SUV,Gasoline,55724,False,"A 2024 Lexus RX 350 (used), SUV with 55724 miles, priced at $27885 (MSRP: $35847)."
Nissan,Altima,2019,29430,33705,12.7,Used,Sedan,Gasoline,42922,False,"A 2019 Nissan Altima (used), Sedan with 42922 miles, priced at $29430 (MSRP: $33705)."
Kia,Sorento,2019,24039,29799,19.3,Used,SUV,Gasoline,19596,False,"A 2019 Kia Sorento (used), SUV with 19596 miles, priced at $24039 (MSRP: $29799)."
Honda,Civic,2019,40936,43343,5.6,Certified,Sedan,Gasoline,26351,True,"A 2019 Honda Civic (certified), Sedan with 26351 miles, priced at $40936 (MSRP: $43343)."
Ford,F-150,2019,33928,37296,9.0,Used,Truck,Gasoline,71166,False,"A 2019 Ford F-150 (used), Truck with 71166 miles, priced at $33928 (MSRP: $37296)."
Kia,Sorento,2020,22817,26819,14.9,Used,SUV,Gasoline,73962,False,"A 2020 Kia Sorento (used), SUV with 73962 miles, priced at $22817 (MSRP: $26819)."
Ford,F-150,2023,45311,52052,13.0,Used,Truck,Gasoline,51959,False,"A 2023 Ford F-150 (used), Truck with 51959 miles, priced at $45311 (MSRP: $52052)."
BMW,X3,2025,39530,45501,13.1,Certified,SUV,Gasoline,34354,True,"A 2025 BMW X3 (certified), SUV with 34354 miles, priced at $39530 (MSRP: $45501)."
Nissan,Altima,2025,28473,32967,13.6,Used,Sedan,Gasoline,41014,False,"A 2025 Nissan Altima (used), Sedan with 41014 miles, priced at $28473 (MSRP: $32967)."
Toyota,Corolla,2025,27334,34779,21.4,Certified,Sedan,Hybrid,54295,True,"A 2025 Toyota Corolla (certified), Sedan with 54295 miles, priced at $27334 (MSRP: $34779)."
Mazda,CX-5,2019,32723,36374,10.0,Used,SUV,Gasoline,50103,False,"A 2019 Mazda CX-5 (used), SUV with 50103 miles, priced at $32723 (MSRP: $36374)."
Toyota,RAV4,2023,34594,42348,18.3,Used,SUV,Gasoline,14673,False,"A 2023 Toyota RAV4 (used), SUV with 14673 miles, priced at $34594 (MSRP: $42348)."
Hyundai,Santa Fe,2023,45411,48114,5.6,Used,SUV,Gasoline,51468,False,"A 2023 Hyundai Santa Fe (used), SUV with 51468 miles, priced at $45411 (MSRP: $48114)."
Hyundai,Santa Fe,2025,35600,41067,13.3,Used,SUV,Gasoline,17487,False,"A 2025 Hyundai Santa Fe (used), SUV with 17487 miles, priced at $35600 (MSRP: $41067)."
Audi,Q5,2021,33792,38190,11.5,Certified,SUV,Gasoline,17927,True,"A 2021 Audi Q5 (certified), SUV with 17927 miles, priced at $33792 (MSRP: $38190)."
BMW,X3,2022,32909,34912,5.7,Certified,SUV,Gasoline,54913,True,"A 2022 BMW X3 (certified), SUV with 54913 miles, priced at $32909 (MSRP: $34912)."
Hyundai,Santa Fe,2024,32652,35397,7.8,Used,SUV,Gasoline,46917,False,"A 2024 Hyundai Santa Fe (used), SUV with 46917 miles, priced at $32652 (MSRP: $35397)."
Ford,F-150,2021,47511,53479,11.2,Used,Truck,Gasoline,27978,False,"A 2021 Ford F-150 (used), Truck with 27978 miles, priced at $47511 (MSRP: $53479)."
Honda,Civic,2023,45726,47967,4.7,Certified,Sedan,Gasoline,72753,True,"A 2023 Honda Civic (certified), Sedan with 72753 miles, priced at $45726 (MSRP: $47967)."
Nissan,Altima,2022,25542,32773,22.1,Used,Sedan,Gasoline,53004,False,"A 2022 Nissan Altima (used), Sedan with 53004 miles, priced at $25542 (MSRP: $32773)."
Tesla,Model Y,2023,29676,30448,2.5,New,SUV,Electric,0,False,"A 2023 Tesla Model Y (new), SUV with 0 miles, priced at $29676 (MSRP: $30448)."
Kia,Sorento,2025,38055,43386,12.3,Used,SUV,Gasoline,72316,False,"A 2025 Kia Sorento (used), SUV with 72316 miles, priced at $38055 (MSRP: $43386)."
Ford,Mustang,2022,47569,51776,8.1,Used,Coupe,Gasoline,53942,False,"A 2022 Ford Mustang (used), Coupe with 53942 miles, priced at $47569 (MSRP: $51776)."
Toyota,Corolla,2018,39178,46954,16.6,Certified,Sedan,Hybrid,77060,True,"A 2018 Toyota Corolla (certified), Sedan with 77060 miles, priced at $39178 (MSRP: $46954)."
Kia,Sorento,2025,39558,46164,14.3,Used,SUV,Gasoline,64946,False,"A 2025 Kia Sorento (used), SUV with 64946 miles, priced at $39558 (MSRP: $46164)."
Honda,Civic,2025,34578,38356,9.8,Certified,Sedan,Gasoline,32636,True,"A 2025 Honda Civic (certified), Sedan with 32636 miles, priced at $34578 (MSRP: $38356)."
Kia,Sorento,2023,44950,52486,14.4,Used,SUV,Gasoline,40312,False,"A 2023 Kia Sorento (used), SUV with 40312 miles, priced at $44950 (MSRP: $52486)."
Ford,Mustang,2023,47555,50285,5.4,Used,Coupe,Gasoline,56374,False,"A 2023 Ford Mustang (used), Coupe with 56374 miles, priced at $47555 (MSRP: $50285)."
Honda,Civic,2024,36806,39873,7.7,Certified,Sedan,Gasoline,61902,True,"A 2024 Honda Civic (certified), Sedan with 61902 miles, priced at $36806 (MSRP: $39873)."
Ford,Mustang,2021,22729,26703,14.9,Used,Coupe,Gasoline,37607,False,"A 2021 Ford Mustang (used), Coupe with 37607 miles, priced at $22729 (MSRP: $26703)."
Chevrolet,Equinox,2019,49311,53704,8.2,Used,SUV,Gasoline,72514,False,"A 2019 Chevrolet Equinox (used), SUV with 72514 miles, priced at $49311 (MSRP: $53704)."
Ford,F-150,2022,43015,49911,13.8,Used,Truck,Gasoline,62605,False,"A 2022 Ford F-150 (used), Truck with 62605 miles, priced at $43015 (MSRP: $49911)."
Honda,Civic,2020,39456,46653,15.4,Certified,Sedan,Gasoline,21359,True,"A 2020 Honda Civic (certified), Sedan with 21359 miles, priced at $39456 (MSRP: $46653)."
BMW,X3,2020,24566,28449,13.6,Certified,SUV,Gasoline,54950,True,"A 2020 BMW X3 (certified), SUV with 54950 miles, priced at $24566 (MSRP: $28449)."
Hyundai,Santa Fe,2021,27192,34785,21.8,Used,SUV,Gasoline,73821,False,"A 2021 Hyundai Santa Fe (used), SUV with 73821 miles, priced at $27192 (MSRP: $34785)."
Audi,Q5,2021,37713,41989,10.2,Certified,SUV,Gasoline,79911,True,"A 2021 Audi Q5 (certified), SUV with 79911 miles, priced at $37713 (MSRP: $41989)."
Lexus,RX 350,2024,47845,55599,13.9,Used,SUV,Gasoline,66858,False,"A 2024 Lexus RX 350 (used), SUV with 66858 miles, priced at $47845 (MSRP: $55599)."
Ford,Mustang,2019,35986,41240,12.7,Used,Coupe,Gasoline,70056,False,"A 2019 Ford Mustang (used), Coupe with 70056 miles, priced at $35986 (MSRP: $41240)."
Toyota,Corolla,2019,34970,41428,15.6,Certified,Sedan,Hybrid,41396,True,"A 2019 Toyota Corolla (certified), Sedan with 41396 miles, priced at $34970 (MSRP: $41428)."
Chevrolet,Equinox,2018,33665,37758,10.8,Used,SUV,Gasoline,72722,False,"A 2018 Chevrolet Equinox (used), SUV with 72722 miles, priced at $33665 (MSRP: $37758)."
Nissan,Altima,2023,30086,34249,12.2,Used,Sedan,Gasoline,36272,False,"A 2023 Nissan Altima (used), Sedan with 36272 miles, priced at $30086 (MSRP: $34249)."
Hyundai,Santa Fe,2018,43738,49932,12.4,Used,SUV,Gasoline,15372,False,"A 2018 Hyundai Santa Fe (used), SUV with 15372 miles, priced at $43738 (MSRP: $49932)."
Mazda,CX-5,2018,40539,44704,9.3,Used,SUV,Gasoline,61742,False,"A 2018 Mazda CX-5 (used), SUV with 61742 miles, priced at $40539 (MSRP: $44704)."
Kia,Sorento,2018,28110,35494,20.8,Used,SUV,Gasoline,52917,False,"A 2018 Kia Sorento (used), SUV with 52917 miles, priced at $28110 (MSRP: $35494)."
Tesla,Model Y,2023,21293,21357,0.3,New,SUV,Electric,0,False,"A 2023 Tesla Model Y (new), SUV with 0 miles, priced at $21293 (MSRP: $21357)."
Honda,Civic,2025,39450,45901,14.1,Certified,Sedan,Gasoline,64333,True,"A 2025 Honda Civic (certified), Sedan with 64333 miles, priced at $39450 (MSRP: $45901)."
Ford,F-150,2020,39556,44261,10.6,Used,Truck,Gasoline,38270,False,"A 2020 Ford F-150 (used), Truck with 38270 miles, priced at $39556 (MSRP: $44261)."
Ford,Mustang,2023,28948,31840,9.1,Used,Coupe,Gasoline,29581,False,"A 2023 Ford Mustang (used), Coupe with 29581 miles, priced at $28948 (MSRP: $31840)."
Toyota,Corolla,2021,47598,51711,8.0,Certified,Sedan,Hybrid,57892,True,"A 2021 Toyota Corolla (certified), Sedan with 57892 miles, priced at $47598 (MSRP: $51711)."
Chevrolet,Equinox,2022,20753,28133,26.2,Used,SUV,Gasoline,12494,False,"A 2022 Chevrolet Equinox (used), SUV with 12494 miles, priced at $20753 (MSRP: $28133)."
Audi,Q5,2019,30095,33491,10.1,Certified,SUV,Gasoline,73969,True,"A 2019 Audi Q5 (certified), SUV with 73969 miles, priced at $30095 (MSRP: $33491)."
Tesla,Model Y,2024,28237,32489,13.1,New,SUV,Electric,0,False,"A 2024 Tesla Model Y (new), SUV with 0 miles, priced at $28237 (MSRP: $32489)."
Toyota,Corolla,2022,43083,45604,5.5,Certified,Sedan,Hybrid,46500,True,"A 2022 Toyota Corolla (certified), Sedan with 46500 miles, priced at $43083 (MSRP: $45604)."
Kia,Sorento,2024,24897,28488,12.6,Used,SUV,Gasoline,48630,False,"A 2024 Kia Sorento (used), SUV with 48630 miles, priced at $24897 (MSRP: $28488)."
Toyota,RAV4,2025,25202,32692,22.9,Used,SUV,Gasoline,8854,False,"A 2025 Toyota RAV4 (used), SUV with 8854 miles, priced at $25202 (MSRP: $32692)."
Toyota,RAV4,2018,43977,51411,14.5,Used,SUV,Gasoline,19521,False,"A 2018 Toyota RAV4 (used), SUV with 19521 miles, priced at $43977 (MSRP: $51411)."
Lexus,RX 350,2021,25814,33136,22.1,Used,SUV,Gasoline,26478,False,"A 2021 Lexus RX 350 (used), SUV with 26478 miles, priced at $25814 (MSRP: $33136)."
Hyundai,Santa Fe,2021,31098,38536,19.3,Used,SUV,Gasoline,29497,False,"A 2021 Hyundai Santa Fe (used), SUV with 29497 miles, priced at $31098 (MSRP: $38536)."
Ford,Mustang,2023,26888,34259,21.5,Used,Coupe,Gasoline,26777,False,"A 2023 Ford Mustang (used), Coupe with 26777 miles, priced at $26888 (MSRP: $34259)."
BMW,X3,2021,30686,37476,18.1,Certified,SUV,Gasoline,11009,True,"A 2021 BMW X3 (certified), SUV with 11009 miles, priced at $30686 (MSRP: $37476)."
Audi,Q5,2019,42877,45224,5.2,Certified,SUV,Gasoline,63565,True,"A 2019 Audi Q5 (certified), SUV with 63565 miles, priced at $42877 (MSRP: $45224)."
Nissan,Altima,2023,47964,55690,13.9,Used,Sedan,Gasoline,56900,False,"A 2023 Nissan Altima (used), Sedan with 56900 miles, priced at $47964 (MSRP: $55690)."
Lexus,RX 350,2022,37967,40178,5.5,Used,SUV,Gasoline,61557,False,"A 2022 Lexus RX 350 (used), SUV with 61557 miles, priced at $37967 (MSRP: $40178)."
Tesla,Model Y,2023,21701,22715,4.5,New,SUV,Electric,0,False,"A 2023 Tesla Model Y (new), SUV with 0 miles, priced at $21701 (MSRP: $22715)."
Audi,Q5,2025,34778,40734,14.6,Certified,SUV,Gasoline,41997,True,"A 2025 Audi Q5 (certified), SUV with 41997 miles, priced at $34778 (MSRP: $40734)."
Lexus,RX 350,2022,23999,27906,14.0,Used,SUV,Gasoline,31691,False,"A 2022 Lexus RX 350 (used), SUV with 31691 miles, priced at $23999 (MSRP: $27906)."
Ford,F-150,2024,43285,50841,14.9,Used,Truck,Gasoline,15661,False,"A 2024 Ford F-150 (used), Truck with 15661 miles, priced at $43285 (MSRP: $50841)."
Mazda,CX-5,2020,27399,30908,11.4,Used,SUV,Gasoline,58765,False,"A 2020 Mazda CX-5 (used), SUV with 58765 miles, priced at $27399 (MSRP: $30908)."
Audi,Q5,2025,34898,40439,13.7,Certified,SUV,Gasoline,13245,True,"A 2025 Audi Q5 (certified), SUV with 13245 miles, priced at $34898 (MSRP: $40439)."
Ford,Mustang,2020,30269,36022,16.0,Used,Coupe,Gasoline,41575,False,"A 2020 Ford Mustang (used), Coupe with 41575 miles, priced at $30269 (MSRP: $36022)."
Toyota,Corolla,2025,32488,40049,18.9,Certified,Sedan,Hybrid,20403,True,"A 2025 Toyota Corolla (certified), Sedan with 20403 miles, priced at $32488 (MSRP: $40049)."
Chevrolet,Equinox,2021,38724,43843,11.7,Used,SUV,Gasoline,59952,False,"A 2021 Chevrolet Equinox (used), SUV with 59952 miles, priced at $38724 (MSRP: $43843)."
Ford,F-150,2025,41150,43353,5.1,Used,Truck,Gasoline,75325,False,"A 2025 Ford F-150 (used), Truck with 75325 miles, priced at $41150 (MSRP: $43353)."
Ford,F-150,2019,32191,38614,16.6,Used,Truck,Gasoline,68081,False,"A 2019 Ford F-150 (used), Truck with 68081 miles, priced at $32191 (MSRP: $38614)."
Toyota,RAV4,2025,31336,37115,15.6,Used,SUV,Gasoline,59600,False,"A 2025 Toyota RAV4 (used), SUV with 59600 miles, priced at $31336 (MSRP: $37115)."
Nissan,Altima,2022,21123,27350,22.8,Used,Sedan,Gasoline,40128,False,"A 2022 Nissan Altima (used), Sedan with 40128 miles, priced at $21123 (MSRP: $27350)."
Nissan,Altima,2020,47343,52730,10.2,Used,Sedan,Gasoline,55531,False,"A 2020 Nissan Altima (used), Sedan with 55531 miles, priced at $47343 (MSRP: $52730)."
Ford,Mustang,2020,42046,48373,13.1,Used,Coupe,Gasoline,48665,False,"A 2020 Ford Mustang (used), Coupe with 48665 miles, priced at $42046 (MSRP: $48373)."
Lexus,RX 350,2024,34196,37598,9.0,Used,SUV,Gasoline,69102,False,"A 2024 Lexus RX 350 (used), SUV with 69102 miles, priced at $34196 (MSRP: $37598)."
BMW,X3,2018,39650,41741,5.0,Certified,SUV,Gasoline,54785,True,"A 2018 BMW X3 (certified), SUV with 54785 miles, priced at $39650 (MSRP: $41741)."
Toyota,Corolla,2021,24500,30295,19.1,Certified,Sedan,Hybrid,74639,True,"A 2021 Toyota Corolla (certified), Sedan with 74639 miles, priced at $24500 (MSRP: $30295)."
Nissan,Altima,2020,49310,51807,4.8,Used,Sedan,Gasoline,22748,False,"A 2020 Nissan Altima (used), Sedan with 22748 miles, priced at $49310 (MSRP: $51807)."
Nissan,Altima,2025,20634,27500,25.0,Used,Sedan,Gasoline,55523,False,"A 2025 Nissan Altima (used), Sedan with 55523 miles, priced at $20634 (MSRP: $27500)."
Ford,F-150,2021,35460,38039,6.8,Used,Truck,Gasoline,57255,False,"A 2021 Ford F-150 (used), Truck with 57255 miles, priced at $35460 (MSRP: $38039)."
Chevrolet,Equinox,2024,44555,48633,8.4,Used,SUV,Gasoline,73019,False,"A 2024 Chevrolet Equinox (used), SUV with 73019 miles, priced at $44555 (MSRP: $48633)."
Tesla,Model Y,2019,31009,32633,5.0,New,SUV,Electric,0,False,"A 2019 Tesla Model Y (new), SUV with 0 miles, priced at $31009 (MSRP: $32633)."
Mazda,CX-5,2019,41237,43825,5.9,Used,SUV,Gasoline,24293,False,"A 2019 Mazda CX-5 (used), SUV with 24293 miles, priced at $41237 (MSRP: $43825)."
BMW,X3,2022,29440,35724,17.6,Certified,SUV,Gasoline,66247,True,"A 2022 BMW X3 (certified), SUV with 66247 miles, priced at $29440 (MSRP: $35724)."
Mazda,CX-5,2023,26450,32351,18.2,Used,SUV,Gasoline,24184,False,"A 2023 Mazda CX-5 (used), SUV with 24184 miles, priced at $26450 (MSRP: $32351)."
Kia,Sorento,2021,22589,28860,21.7,Used,SUV,Gasoline,12192,False,"A 2021 Kia Sorento (used), SUV with 12192 miles, priced at $22589 (MSRP: $28860)."
Audi,Q5,2019,33654,41261,18.4,Certified,SUV,Gasoline,69133,True,"A 2019 Audi Q5 (certified), SUV with 69133 miles, priced at $33654 (MSRP: $41261)."
Nissan,Altima,2023,27461,31064,11.6,Used,Sedan,Gasoline,44574,False,"A 2023 Nissan Altima (used), Sedan with 44574 miles, priced at $27461 (MSRP: $31064)."
Ford,F-150,2025,40959,44745,8.5,Used,Truck,Gasoline,26624,False,"A 2025 Ford F-150 (used), Truck with 26624 miles, priced at $40959 (MSRP: $44745)."
Kia,Sorento,2023,24448,30737,20.5,Used,SUV,Gasoline,73395,False,"A 2023 Kia Sorento (used), SUV with 73395 miles, priced at $24448 (MSRP: $30737)."
Ford,F-150,2025,41184,43637,5.6,Used,Truck,Gasoline,71797,False,"A 2025 Ford F-150 (used), Truck with 71797 miles, priced at $41184 (MSRP: $43637)."
Ford,F-150,2023,20151,24731,18.5,Used,Truck,Gasoline,69190,False,"A 2023 Ford F-150 (used), Truck with 69190 miles, priced at $20151 (MSRP: $24731)."
Toyota,RAV4,2018,25622,33396,23.3,Used,SUV,Gasoline,39328,False,"A 2018 Toyota RAV4 (used), SUV with 39328 miles, priced at $25622 (MSRP: $33396)."
Toyota,RAV4,2025,38791,44610,13.0,Used,SUV,Gasoline,66317,False,"A 2025 Toyota RAV4 (used), SUV with 66317 miles, priced at $38791 (MSRP: $44610)."
Hyundai,Santa Fe,2019,43638,51036,14.5,Used,SUV,Gasoline,8260,False,"A 2019 Hyundai Santa Fe (used), SUV with 8260 miles, priced at $43638 (MSRP: $51036)."
Chevrolet,Equinox,2020,26668,30287,11.9,Used,SUV,Gasoline,40328,False,"A 2020 Chevrolet Equinox (used), SUV with 40328 miles, priced at $26668 (MSRP: $30287)."
Lexus,RX 350,2022,25817,33232,22.3,Used,SUV,Gasoline,6095,False,"A 2022 Lexus RX 350 (used), SUV with 6095 miles, priced at $25817 (MSRP: $33232)."
Toyota,Corolla,2025,41215,48127,14.4,Certified,Sedan,Hybrid,40096,True,"A 2025 Toyota Corolla (certified), Sedan with 40096 miles, priced at $41215 (MSRP: $48127)."
Toyota,Corolla,2023,20218,27469,26.4,Certified,Sedan,Hybrid,12227,True,"A 2023 Toyota Corolla (certified), Sedan with 12227 miles, priced at $20218 (MSRP: $27469)."
Audi,Q5,2018,27197,34600,21.4,Certified,SUV,Gasoline,8240,True,"A 2018 Audi Q5 (certified), SUV with 8240 miles, priced at $27197 (MSRP: $34600)."
Chevrolet,Equinox,2018,21281,25227,15.6,Used,SUV,Gasoline,32932,False,"A 2018 Chevrolet Equinox (used), SUV with 32932 miles, priced at $21281 (MSRP: $25227)."
Audi,Q5,2022,36045,40555,11.1,Certified,SUV,Gasoline,68649,True,"A 2022 Audi Q5 (certified), SUV with 68649 miles, priced at $36045 (MSRP: $40555)."
Kia,Sorento,2018,28231,34723,18.7,Used,SUV,Gasoline,46512,False,"A 2018 Kia Sorento (used), SUV with 46512 miles, priced at $28231 (MSRP: $34723)."
Ford,Mustang,2020,42276,47657,11.3,Used,Coupe,Gasoline,23504,False,"A 2020 Ford Mustang (used), Coupe with 23504 miles, priced at $42276 (MSRP: $47657)."
Chevrolet,Equinox,2022,40589,46088,11.9,Used,SUV,Gasoline,31916,False,"A 2022 Chevrolet Equinox (used), SUV with 31916 miles, priced at $40589 (MSRP: $46088)."
Chevrolet,Equinox,2025,22763,27353,16.8,Used,SUV,Gasoline,39983,False,"A 2025 Chevrolet Equinox (used), SUV with 39983 miles, priced at $22763 (MSRP: $27353)."
